<AuditMessage>
	<EventIdentification EventActionCode="R" EventDateTime="2020-10-21T11:05:08.989Z" EventOutcomeIndicator="0">
		<EventID csd-code="110106" codeSystemName="DCM" originalText="Export"/>
		<EventTypeCode csd-code="@@kodTypu@@~{ITI-43}~" codeSystemName="IHE Transactions" originalText="Retrieve Document Set"/>
	</EventIdentification>
	<ActiveParticipant UserID="http://localhost:8070/services/xds-iti43" AlternativeUserID="@@AlternatywnyIDUzytkownika@@~{4885}~" UserIsRequestor="false" NetworkAccessPointID="127.0.0.1" NetworkAccessPointTypeCode="2">
		<RoleIDCode csd-code="110153" codeSystemName="DCM" originalText="Source"/>
	</ActiveParticipant>
	<ActiveParticipant UserID="http://www.w3.org/2005/08/addressing/anonymous" AlternativeUserID="@@AlternativeUserID@@~{000000786129^^^&amp;2.16.840.1.113883.3.4424.2.3.1&amp;ISO}~" UserIsRequestor="false" NetworkAccessPointID="localhost" NetworkAccessPointTypeCode="1">
		<RoleIDCode csd-code="110152" codeSystemName="DCM" originalText="Destination"/>
	</ActiveParticipant>
	<AuditSourceIdentification AuditSourceID="000000192280^^^&amp;2.16.840.1.113883.3.4424.2.3.1&amp;ISO">
		<AuditSourceTypeCode csd-code="4" codeSystemName="DCM" originalText="Application Server Process or Thread"/>
	</AuditSourceIdentification>
	<ParticipantObjectIdentification ParticipantObjectID="2.16.840.1.113883.3.4424.2.7.780^4841307.7694322" ParticipantObjectTypeCode="2" ParticipantObjectTypeCodeRole="3">
		<ParticipantObjectIDTypeCode csd-code="9" codeSystemName="RFC-3881" originalText="Report Number"/>
		<ParticipantObjectDetail type="Repository Unique Id" value="Mi4xNi44NDAuMS4xMTM4ODMuMy40NDI0LjcuMjQuMTcyMQ=="/>
	</ParticipantObjectIdentification>
</AuditMessage>