				<!-- Główny element folderu -->
				<rim:RegistryPackage id="@@FolderUUID1@@~{urn:uuid:8deccf09-d157-555-0001-30d7ea69d37e}~"
									objectType="urn:oasis:names:tc:ebxml-regrep:ObjectType:RegistryObject:RegistryPackage"
									status="urn:oasis:names:tc:ebxml-regrep:StatusType:Approved"
									lid="@@DocumentEntryLID1@@~{urn:uuid:575ae42c-1111-1111-1111-9f4cef3e3c24}~"
									status="urn:oasis:names:tc:ebxml-regrep:StatusType:Approved">
					<!-- Czas ostatniej aktualizacji -->
					<rim:Slot name="lastUpdateTime">
						<rim:ValueList>
							<rim:Value>20190718115318</rim:Value>
						</rim:ValueList>
					</rim:Slot>
					<!-- Nazwa folderu -->
					<rim:Name>
						<rim:LocalizedString value="XDS Folder 1"/>
					</rim:Name>
					<!-- Typ folderu -->
					<rim:Classification classificationScheme="urn:uuid:1ba97051-7806-41a8-a48b-8fce7af683c5"
										classifiedObject="@@FolderUUID1@@~{urn:uuid:8deccf09-d157-555-0001-30d7ea69d37e}~"
										id="urn:uuid:ada110e6-a3fb-4397-9469-c53a12dda85c"
										nodeRepresentation="Leczenie alergii"
										objectType="urn:oasis:names:tc:ebxml-regrep:ObjectType:RegistryObject:Classification">
						<!-- Nazwa słownika -->
						<rim:Slot name="codingScheme">
							<rim:ValueList>
								<rim:Value>ICD-10</rim:Value>
							</rim:ValueList>
						</rim:Slot>
						<rim:Name>
							<rim:LocalizedString value="Leczenie alergii"/>
						</rim:Name>
					</rim:Classification>
					<!-- Identyfikator folderu nadawany przez usługodawcę -->
					<rim:ExternalIdentifier id="urn:uuid:dbbe520f-081a-4509-8960-3e430aa9b73e"
											identificationScheme="urn:uuid:75df8f67-9973-4fbe-a900-df66cefecc5a"
											objectType="urn:oasis:names:tc:ebxml-regrep:ObjectType:RegistryObject:ExternalIdentifier"
											registryObject="@@FolderUUID1@@~{urn:uuid:8deccf09-d157-555-0001-30d7ea69d37e}~"
											value="@@XDSFolder1.uniqueId@@~{1.3.6.1.4.1.12559.11.1.2.2.1.1.3.141418}~">
						<rim:Name>
							<rim:LocalizedString value="XDSFolder.uniqueId"/>
						</rim:Name>
					</rim:ExternalIdentifier>
					<!-- Główny identyfikator pacjenta-->
					<rim:ExternalIdentifier id="e1e9084d-1160-42fe-82c8-a112ef9e8bc5"
											identificationScheme="urn:uuid:f64ffdf0-4b97-4e06-b79f-a52b38ec2f8a"
											objectType="urn:oasis:names:tc:ebxml-regrep:ObjectType:RegistryObject:ExternalIdentifier"
											registryObject="@@FolderUUID1@@~{urn:uuid:8deccf09-d157-555-0001-30d7ea69d37e}~"
											value="@@PatientID@@~{P123456789^^^&amp;1.3.6.1.4.1.21367.13.20.1000&amp;ISO}~">
						<rim:Name>
							<rim:LocalizedString value="XDSFolder.patientId"/>
						</rim:Name>
					</rim:ExternalIdentifier>
				</rim:RegistryPackage>
				<!-- Typ XDSFolder bieżącego elementu RegistryPackage-->
				<rim:Classification classificationNode="urn:uuid:d9d542f3-6cc4-48b6-8870-ea235fbc94c2"
                                    classifiedObject="@@FolderUUID1@@~{urn:uuid:8deccf09-d157-555-0001-30d7ea69d37e}~"
                                    id="urn:uuid:de668360-8e70-4eb7-8283-ea950c305a4a"
                                    objectType="urn:oasis:names:tc:ebxml-regrep:ObjectType:RegistryObject:Classification"/>