<?xml version="1.0" encoding="UTF-8"?>
<ClinicalDocument
	xmlns:xsd="http://www.w3.org/2001/XMLSchema" xmlns:hl7="urn:hl7-org:v3"
	xmlns:pharm="urn:ihe:pharm"
	xmlns:xsi="http://www.w3.org/2001/XMLSchema-instance"
	xmlns:extPL="http://www.csioz.gov.pl/xsd/extPL/r2">
	<component>
		<structuredBody>
			<component>
				<section>
					<title>Rp (Cito)</title>
					<text>
						<paragraph ID="SBADM_1">
							<content ID="p1_nazwaLeku" styleCode="xPLbig">Enarenal 5mg
								tabletki</content>
							<content ID="p1_edytuj_mocLeku"></content>
							<content ID="p1_edytuj_postacLeku"></content>
						</paragraph>
						<paragraph>
							<content ID="p1_iloscLeku">1</content>
							<content ID="p1_krotnosc_opis">op. po</content>
							<content ID="p1_wielkoscOpakowania">60 szt.</content>
						</paragraph>
						<paragraph ID="DS_1">
							<content ID="p1_stosowanie_opis_1">D.S.</content>
							<content ID="p1_edytuj_stosowanie_wartosc_1"
								styleCode="Bold"></content>
						</paragraph>
					</text>
				</section>
			</component>
		</structuredBody>
	</component>
</ClinicalDocument>
