<?xml version="1.0" encoding="UTF-8"?>
<ClinicalDocument
	xmlns:xsd="http://www.w3.org/2001/XMLSchema" xmlns:hl7="urn:hl7-org:v3"
	xmlns:pharm="urn:ihe:pharm"
	xmlns:xsi="http://www.w3.org/2001/XMLSchema-instance"
	xmlns:extPL="http://www.csioz.gov.pl/xsd/extPL/r2">
	<component>
		<structuredBody>
			<component>
				<section>
					<title>Rp (Cito)</title>
					<text>
						<paragraph ID="SBADM_1">
							<content ID="p1_nazwaLeku" styleCode="xPLbig">Enarenal 5mg
								tabletki</content>
							<content ID="p1_edytuj_mocLeku"></content>
							<content ID="p1_edytuj_postacLeku"></content>
						</paragraph>
						<paragraph>
							<content ID="p1_iloscLeku">1</content>
							<content ID="p1_krotnosc_opis">op. po</content>
							<content ID="p1_wielkoscOpakowania">60 szt.</content>
						</paragraph>
						<paragraph ID="DS_1">
							<content ID="p1_stosowanie_opis_1">D.S.</content>
							<content ID="p1_stosowanie_wartosc_1" styleCode="Bold">3 x
								dziennie po 1 szt.</content>
							<content ID="p1_edytuj_stosowanie_wartosc_1"
								styleCode="Bold"></content>
						</paragraph>
						<paragraph ID="ACT_1">
							<content ID="p1_odplatnosc_opis">Odpłatność</content>
							<content ID="p1_odplatnosc_wartosc" styleCode="Bold">R</content>
						</paragraph>
						<paragraph>
							<content ID="p1_dataRealizacjiOd_opis">Data realizacji od</content>
							<content ID="p1_dataRealizacjiOd_wartosc"
								styleCode="xPLred Bold">5 maja 2013 r.</content>
						</paragraph>
					</text>
				</section>
			</component>
			<component>
				<section>
					<title>Dane o ubezpieczeniu i uprawnieniach</title>
					<text>
						<paragraph ID="ACT_2">
							<content ID="p1_platnik_opis_1">Oddział NFZ</content>
							<content ID="p1_platnik_wartosc_1" styleCode="Bold">07</content>
						</paragraph>
						<paragraph>
							<content ID="p1_uprawnieniaDodatkowe_opis_1">Uprawnienia dodatkowe</content>
							<content ID="p1_uprawnieniaDodatkowe_wartosc_1"
								styleCode="Bold">IB</content>
							(
							<content ID="p1_dokumentUprawnien_wartosc_1">Nr leg.: 234/1992</content>
							)
						</paragraph>
					</text>
				</section>
			</component>
		</structuredBody>
	</component>
</ClinicalDocument>
