<?xml version="1.0" encoding="UTF-8"?>
<ClinicalDocument
	xmlns:xsd="http://www.w3.org/2001/XMLSchema" xmlns:hl7="urn:hl7-org:v3"
	xmlns:pharm="urn:ihe:pharm"
	xmlns:xsi="http://www.w3.org/2001/XMLSchema-instance"
	xmlns:extPL="http://www.csioz.gov.pl/xsd/extPL/r2">
	<component>
		<structuredBody>
			<component>
				<section>
					<title>Rp (Cito)</title>
					<text>
						<paragraph>
							<content ID="p1_nazwaLeku">Maść pośladkowa</content>
						</paragraph>
						<paragraph>
							<content ID="p1_iloscLeku">3</content>
							<content>x</content>
							<content>Słoik maści</content>
							<content>zaw. po</content>
							<content ID="p1_wielkoscOpakowania">100 ml</content>
						</paragraph>
						<list ID="SBADM_1" styleCode="Disc" listType="unordered">
							<item>
								<content ID="p1_skladnikReceptury_1">Vaselinum album</content>
								<content ID="p1_iloscSkladnikaReceptury_1"> 25 g</content>
								<content ID="p1_edytuj_skladnik_1"></content>
							</item>
							<item>
								<content ID="p1_skladnikReceptury_2">Lanolinum</content>
								<content ID="p1_iloscSkladnikaReceptury_2"> 50 g</content>
								<content ID="p1_edytuj_skladnik_2"></content>
							</item>
							<item>
								<content ID="p1_skladnikReceptury_3">Paraffinum liquidum</content>
								<content ID="p1_iloscSkladnikaReceptury_3"> 15 g</content>
								<content ID="p1_edytuj_skladnik_3"></content>
							</item>
							<item>
								<content ID="p1_skladnikReceptury_4">Aqua</content>
								<content ID="p1_edytuj_skladnik_4"></content>
							</item>
						</list>
						<paragraph>
							<content ID="p1_edytuj_podsumujRecepture"></content>
						</paragraph>
						<paragraph>
							<content ID="p1_nieZamieniac" styleCode="xPLbig">NZ</content>
						</paragraph>
						<paragraph ID="DS_1">
							<content ID="p1_stosowanie_opis_1">D.S.</content>
							<content ID="p1_stosowanie_wartosc_1" styleCode="Bold">2 x
								dziennie po 2 ml, rozpocząć 15 października 2017 r., powtórzyć
								cykl 1 raz</content>
							<content ID="p1_edytuj_stosowanie_wartosc_1"
								styleCode="Bold"></content>
						</paragraph>
						<paragraph ID="TEXT1">
							<content ID="p1_infoDlaWydajacego_opis_1">Informacja dla osoby wydającej lek:</content>
							<content ID="p1_edytuj_infoDlaWydajacego_wartosc_1"></content>
						</paragraph>
					</text>
				</section>
			</component>
			<component>
				<section>
					<title>Dane o ubezpieczeniu i uprawnieniach</title>
					<text>
						<paragraph ID="ACT_2">
							<content ID="p1_platnik_opis_1">Oddział NFZ</content>
							<content ID="p1_platnik_wartosc_1" styleCode="Bold">07</content>
						</paragraph>
						<paragraph>
							<content ID="p1_uprawnieniaDodatkowe_opis_1">Uprawnienia dodatkowe</content>
							<content ID="p1_uprawnieniaDodatkowe_wartosc_1"
								styleCode="Bold">IB</content>
							(
							<content ID="p1_dokumentUprawnien_wartosc_1">Nr leg.: 234/1992</content>
							)
						</paragraph>
					</text>
				</section>
			</component>
		</structuredBody>
	</component>
</ClinicalDocument>
