<?xml version="1.0" encoding="UTF-8"?>
<ClinicalDocument xmlns:xsd="http://www.w3.org/2001/XMLSchema" xmlns:hl7="urn:hl7-org:v3" xmlns:pharm="urn:ihe:pharm" xmlns:xsi="http://www.w3.org/2001/XMLSchema-instance" xmlns:extPL="http://www.csioz.gov.pl/xsd/extPL/r2">
<component>
<structuredBody>
<component>
<section>
<title>Rp</title>
<text>
<paragraph ID="SBADM_1">
<content ID="p1_nazwaLeku" styleCode="xPLbig">Mucosolvan</content>
<content ID="p1_mocSkladnikowLeku">(30 mg / 5 ml)</content>
<content ID="p1_edytuj_mocLeku"></content>
<content ID="p1_postacLeku">syrop</content>
<content ID="p1_edytuj_postacLeku"></content>
</paragraph>
<paragraph>
<content ID="p1_iloscLeku">1</content>
<content ID="p1_krotnosc_opis">x butelka po</content>
<content ID="p1_wielkoscOpakowania">100 ml</content>
</paragraph>
<paragraph ID="DS_1">
<content ID="p1_stosowanie_opis_1">D.S.</content>
<content ID="p1_stosowanie_wartosc_1" styleCode="Bold">Co 30 min po 1 łyżce stołowej, powtórzyć cykl 3 razy</content>
<content ID="p1_edytuj_stosowanie_wartosc_1" styleCode="Bold"></content>
</paragraph>
</text>
</section>
</component>
</structuredBody>
</component>
</ClinicalDocument>
