<?xml version="1.0" encoding="UTF-8"?>
<ClinicalDocument xmlns:xsd="http://www.w3.org/2001/XMLSchema" xmlns:hl7="urn:hl7-org:v3" xmlns:pharm="urn:ihe:pharm" xmlns:xsi="http://www.w3.org/2001/XMLSchema-instance" xmlns:extPL="http://www.csioz.gov.pl/xsd/extPL/r2">
<component>
<structuredBody>
<component>
<section>
<title>Rp</title>
<text>
<paragraph ID="SBADM_1">
<content ID="p1_nazwaLeku" styleCode="xPLbig">Fostex</content>
<content ID="p1_mocSkladnikowLeku">(100 mcg + 6 mcg) / dawkę</content>
<content ID="p1_edytuj_mocLeku"></content>
<content ID="p1_postacLeku">aerozol inhalacyjny, roztwór</content>
<content ID="p1_edytuj_postacLeku"></content>
</paragraph>
<paragraph>
<content ID="p1_iloscLeku">1</content>
<content ID="p1_krotnosc_opis">x pojemnik po</content>
<content ID="p1_wielkoscOpakowania">120 dawek</content>
</paragraph>
<paragraph ID="DS_1">
<content ID="p1_stosowanie_opis_1">D.S.</content>
<content ID="p1_stosowanie_wartosc_1" styleCode="Bold">4 x dziennie po 3 wziewy</content>
<content ID="p1_edytuj_stosowanie_wartosc_1" styleCode="Bold"></content>
</paragraph>
<paragraph ID="ACT_2">
<content ID="p1_odplatnosc_opis">Odpłatność</content>
<content ID="p1_odplatnosc_wartosc" styleCode="Bold">100%</content>
</paragraph>
</text>
</section>
</component>
</structuredBody>
</component>
</ClinicalDocument>
