<?xml version="1.0" encoding="utf-8"?>
<rejestr stanNaDzien="2017-12-01" xmlns="http://rejestrymedyczne.csioz.gov.pl/rp/eksport-danych-v1.0">
    <platnik statusImportu="Nowy">
        <OIDroot>2.16.840.1.113883.3.4424.3.1</OIDroot>
        <OIDextension>01</OIDextension>
        <Kategoria>NFZ</Kategoria>
        <Nazwa>Dolnośląski Oddział NFZ</Nazwa>
    </platnik>
    <platnik statusImportu="Nowy">
        <OIDroot>2.16.840.1.113883.3.4424.3.1</OIDroot>
        <OIDextension>02</OIDextension>
        <Kategoria>NFZ</Kategoria>
        <Nazwa>Kujawsko-Pomorski Oddział NFZ</Nazwa>
    </platnik>
    <platnik statusImportu="Nowy">
        <OIDroot>2.16.840.1.113883.3.4424.3.1</OIDroot>
        <OIDextension>03</OIDextension>
        <Kategoria>NFZ</Kategoria>
        <Nazwa>Lubelski Oddział NFZ</Nazwa>
    </platnik>
    <platnik statusImportu="Nowy">
        <OIDroot>2.16.840.1.113883.3.4424.3.1</OIDroot>
        <OIDextension>04</OIDextension>
        <Kategoria>NFZ</Kategoria>
        <Nazwa>Lubuski Oddział NFZ</Nazwa>
    </platnik>
    <platnik statusImportu="Nowy">
        <OIDroot>2.16.840.1.113883.3.4424.3.1</OIDroot>
        <OIDextension>05</OIDextension>
        <Kategoria>NFZ</Kategoria>
        <Nazwa>Łódzki Oddział NFZ</Nazwa>
    </platnik>
    <platnik statusImportu="Nowy">
        <OIDroot>2.16.840.1.113883.3.4424.3.1</OIDroot>
        <OIDextension>06</OIDextension>
        <Kategoria>NFZ</Kategoria>
        <Nazwa>Małopolski Oddział NFZ</Nazwa>
    </platnik>
    <platnik statusImportu="Nowy">
        <OIDroot>2.16.840.1.113883.3.4424.3.1</OIDroot>
        <OIDextension>07</OIDextension>
        <Kategoria>NFZ</Kategoria>
        <Nazwa>Mazowiecki Oddział NFZ</Nazwa>
    </platnik>
    <platnik statusImportu="Nowy">
        <OIDroot>2.16.840.1.113883.3.4424.3.1</OIDroot>
        <OIDextension>08</OIDextension>
        <Kategoria>NFZ</Kategoria>
        <Nazwa>Opolski Oddział NFZ</Nazwa>
    </platnik>
    <platnik statusImportu="Nowy">
        <OIDroot>2.16.840.1.113883.3.4424.3.1</OIDroot>
        <OIDextension>09</OIDextension>
        <Kategoria>NFZ</Kategoria>
        <Nazwa>Podkarpacki Oddział NFZ</Nazwa>
    </platnik>
    <platnik statusImportu="Nowy">
        <OIDroot>2.16.840.1.113883.3.4424.3.1</OIDroot>
        <OIDextension>10</OIDextension>
        <Kategoria>NFZ</Kategoria>
        <Nazwa>Podlaski Oddział NFZ</Nazwa>
    </platnik>
    <platnik statusImportu="Nowy">
        <OIDroot>2.16.840.1.113883.3.4424.3.1</OIDroot>
        <OIDextension>11</OIDextension>
        <Kategoria>NFZ</Kategoria>
        <Nazwa>Pomorski Oddział NFZ</Nazwa>
    </platnik>
    <platnik statusImportu="Nowy">
        <OIDroot>2.16.840.1.113883.3.4424.3.1</OIDroot>
        <OIDextension>12</OIDextension>
        <Kategoria>NFZ</Kategoria>
        <Nazwa>Śląski Oddział NFZ</Nazwa>
    </platnik>
    <platnik statusImportu="Nowy">
        <OIDroot>2.16.840.1.113883.3.4424.3.1</OIDroot>
        <OIDextension>13</OIDextension>
        <Kategoria>NFZ</Kategoria>
        <Nazwa>Świętokrzyski Oddział NFZ</Nazwa>
    </platnik>
    <platnik statusImportu="Nowy">
        <OIDroot>2.16.840.1.113883.3.4424.3.1</OIDroot>
        <OIDextension>14</OIDextension>
        <Kategoria>NFZ</Kategoria>
        <Nazwa>Warmińsko-Mazurski Oddział NFZ</Nazwa>
    </platnik>
    <platnik statusImportu="Nowy">
        <OIDroot>2.16.840.1.113883.3.4424.3.1</OIDroot>
        <OIDextension>15</OIDextension>
        <Kategoria>NFZ</Kategoria>
        <Nazwa>Wielkopolski Oddział NFZ</Nazwa>
    </platnik>
    <platnik statusImportu="Nowy">
        <OIDroot>2.16.840.1.113883.3.4424.3.1</OIDroot>
        <OIDextension>16</OIDextension>
        <Kategoria>NFZ</Kategoria>
        <Nazwa>Zachodniopomorski Oddział NFZ</Nazwa>
    </platnik>
    <platnik statusImportu="Nowy">
        <OIDroot>2.16.840.1.113883.3.4424.3.1</OIDroot>
        <OIDextension>17</OIDextension>
        <Kategoria>Kategoria_testowana</Kategoria>
        <Nazwa>Nazwa_testowa</Nazwa>
    </platnik>
</rejestr>