<soap:Envelope xmlns:soap="http://schemas.xmlsoap.org/soap/envelope/">
	<SOAP-ENV:Header xmlns:SOAP-ENV="http://schemas.xmlsoap.org/soap/envelope/"/>
	<soap:Body>
		<ns2:pobierzSubskrypcjeInicjalnaDaneOsobyResponse xmlns:ns2="http://msw.gov.pl/srp/v3_0/uslugi/subskrypcje/">
			<listaDanychOsob>
				<daneOsob>
					<czyAnulowano>false</czyAnulowano>
					<daneImion>
						<imiePierwsze>Sylwester</imiePierwsze>
						<dataAktualizacji>2020-03-02T08:11:04.000</dataAktualizacji>
					</daneImion>
					<daneNazwiska>
						<nazwisko>Senior</nazwisko>
						<dataAktualizacji>2020-03-02T08:11:04.000</dataAktualizacji>
					</daneNazwiska>
					<daneObywatelstwa>
						<dataAktualizacji>2020-03-02T08:11:04.000</dataAktualizacji>
						<obywatelstwo kod="500">POLSKIE</obywatelstwo>
					</daneObywatelstwa>
					<danePobytuStalego>
						<numerDomu>11A</numerDomu>
						<gmina kt="2010011">Zielona Góra</gmina>
						<kodPocztowy>65001</kodPocztowy>
						<miejscowoscDzielnica>
							<nazwaMiejscowosci>Zielona Góra</nazwaMiejscowosci>
						</miejscowoscDzielnica>
						<ulica>
							<cecha>ul.</cecha>
							<nazwaPierwsza>Wrocławska</nazwaPierwsza>
						</ulica>
						<wojewodztwo woj="10">LUBUSKIE</wojewodztwo>
						<dataAktualizacji>2020-03-02T08:11:04.000</dataAktualizacji>
					</danePobytuStalego>
					<daneUrodzenia>
						<dataUrodzenia>19400101</dataUrodzenia>
						<plec>MEZCZYZNA</plec>
						<dataAktualizacji>2020-03-02T08:11:04.000</dataAktualizacji>
					</daneUrodzenia>
					<dataAktualizacji>2020-03-02T08:11:04.000</dataAktualizacji>
					<idOsoby>727</idOsoby>
					<numerPesel>40010151673</numerPesel>
					<wersjaRekordu>0</wersjaRekordu>
				</daneOsob>		
				<daneOsob>
					<czyAnulowano>false</czyAnulowano>
					<daneImion>
						<imiePierwsze>Sylwia</imiePierwsze>
						<dataAktualizacji>2020-03-02T08:11:04.000</dataAktualizacji>
					</daneImion>
					<daneNazwiska>
						<nazwisko>Seniorka</nazwisko>
						<dataAktualizacji>2020-03-02T08:11:04.000</dataAktualizacji>
					</daneNazwiska>
					<daneObywatelstwa>
						<dataAktualizacji>2020-03-02T08:11:04.000</dataAktualizacji>
						<obywatelstwo kod="500">POLSKIE</obywatelstwo>
					</daneObywatelstwa>
					<danePobytuStalego>
						<numerDomu>11A</numerDomu>
						<gmina kt="2010011">Zielona Góra</gmina>
						<kodPocztowy>65001</kodPocztowy>
						<miejscowoscDzielnica>
							<nazwaMiejscowosci>Zielona Góra</nazwaMiejscowosci>
						</miejscowoscDzielnica>
						<ulica>
							<cecha>ul.</cecha>
							<nazwaPierwsza>Wrocławska</nazwaPierwsza>
						</ulica>
						<wojewodztwo woj="10">LUBUSKIE</wojewodztwo>
						<dataAktualizacji>2020-03-02T08:11:04.000</dataAktualizacji>
					</danePobytuStalego>
					<daneUrodzenia>
						<dataUrodzenia>19400101</dataUrodzenia>
						<plec>KOBIETA</plec>
						<dataAktualizacji>2020-03-02T08:11:04.000</dataAktualizacji>
					</daneUrodzenia>
					<dataAktualizacji>2020-03-02T08:11:04.000</dataAktualizacji>
					<idOsoby>728</idOsoby>
					<numerPesel>40010175826</numerPesel>
					<wersjaRekordu>0</wersjaRekordu>
				</daneOsob>			
				<daneOsob>
					<czyAnulowano>false</czyAnulowano>
					<daneImion>
						<imiePierwsze>ZENON</imiePierwsze>
						<dataAktualizacji>2020-03-02T08:11:04.000</dataAktualizacji>
					</daneImion>
					<daneNazwiska>
						<nazwisko>ZMARŁY</nazwisko>
						<dataAktualizacji>2020-03-02T08:11:04.000</dataAktualizacji>
					</daneNazwiska>
					<daneObywatelstwa>
						<dataAktualizacji>2020-03-02T08:11:04.000</dataAktualizacji>
						<obywatelstwo kod="500">POLSKIE</obywatelstwo>
					</daneObywatelstwa>
					<danePobytuStalego>
						<numerDomu>11A</numerDomu>
						<gmina kt="2010011">Aleksandrów Łódzki</gmina>
						<kodPocztowy>95070</kodPocztowy>
						<miejscowoscDzielnica>
							<nazwaMiejscowosci>Aleksandrów Łódzki</nazwaMiejscowosci>
						</miejscowoscDzielnica>
						<ulica>
							<cecha>ul.</cecha>
							<nazwaPierwsza>Kazimierza Odnowiciela</nazwaPierwsza>
						</ulica>
						<wojewodztwo woj="10">ŁÓDZKIE</wojewodztwo>
						<dataAktualizacji>2020-03-02T08:11:04.000</dataAktualizacji>
					</danePobytuStalego>
					<daneUrodzenia>
						<dataUrodzenia>19800101</dataUrodzenia>
						<plec>MEZCZYZNA</plec>
						<dataAktualizacji>2020-03-02T08:11:04.000</dataAktualizacji>
					</daneUrodzenia>
					<daneZgonu>
						<dataZgonu>20160411</dataZgonu>
						<dataAktualizacji>2020-03-02T08:11:04.000</dataAktualizacji>
					</daneZgonu>
					<dataAktualizacji>2020-03-02T08:11:04.000</dataAktualizacji>
					<idOsoby>729</idOsoby>
					<numerPesel>80010154214</numerPesel>
					<wersjaRekordu>0</wersjaRekordu>
				</daneOsob>	
				<daneOsob>
					<czyAnulowano>false</czyAnulowano>
					<daneImion>
						<imiePierwsze>ZENOBIA</imiePierwsze>
						<dataAktualizacji>2020-03-02T08:11:04.000</dataAktualizacji>
					</daneImion>
					<daneNazwiska>
						<nazwisko>ZMARŁA</nazwisko>
						<dataAktualizacji>2020-03-02T08:11:04.000</dataAktualizacji>
					</daneNazwiska>
					<daneObywatelstwa>
						<dataAktualizacji>2020-03-02T08:11:04.000</dataAktualizacji>
						<obywatelstwo kod="500">POLSKIE</obywatelstwo>
					</daneObywatelstwa>
					<danePobytuStalego>
						<numerDomu>11A</numerDomu>
						<gmina kt="2010011">Aleksandrów Łódzki</gmina>
						<kodPocztowy>95070</kodPocztowy>
						<miejscowoscDzielnica>
							<nazwaMiejscowosci>Aleksandrów Łódzki</nazwaMiejscowosci>
						</miejscowoscDzielnica>
						<ulica>
							<cecha>ul.</cecha>
							<nazwaPierwsza>Kazimierza Odnowiciela</nazwaPierwsza>
						</ulica>
						<wojewodztwo woj="10">ŁÓDZKIE</wojewodztwo>
						<dataAktualizacji>2020-03-02T08:11:04.000</dataAktualizacji>
					</danePobytuStalego>
					<daneUrodzenia>
						<dataUrodzenia>19800101</dataUrodzenia>
						<plec>KOBIETA</plec>
						<dataAktualizacji>2020-03-02T08:11:04.000</dataAktualizacji>
					</daneUrodzenia>
					<daneZgonu>
						<dataZgonu>20160411</dataZgonu>
						<dataAktualizacji>2020-03-02T08:11:04.000</dataAktualizacji>
					</daneZgonu>
					<dataAktualizacji>2020-03-02T08:11:04.000</dataAktualizacji>
					<idOsoby>730</idOsoby>
					<numerPesel>80010149629</numerPesel>
					<wersjaRekordu>0</wersjaRekordu>
				</daneOsob>						
				<daneOsob>
					<czyAnulowano>false</czyAnulowano>
					<daneImion>
						<imiePierwsze>Jan</imiePierwsze>
						<dataAktualizacji>2020-03-02T08:11:04.000</dataAktualizacji>
					</daneImion>
					<daneNazwiska>
						<nazwisko>Niepełnoletni</nazwisko>
						<dataAktualizacji>2020-03-02T08:11:04.000</dataAktualizacji>
					</daneNazwiska>
					<daneObywatelstwa>
						<dataAktualizacji>2020-03-02T08:11:04.000</dataAktualizacji>
						<obywatelstwo kod="500">POLSKIE</obywatelstwo>
					</daneObywatelstwa>
					<danePobytuStalego>
						<numerDomu>11A</numerDomu>
						<gmina kt="2010011">Zielona Góra</gmina>
						<kodPocztowy>65001</kodPocztowy>
						<miejscowoscDzielnica>
							<nazwaMiejscowosci>Zielona Góra</nazwaMiejscowosci>
						</miejscowoscDzielnica>
						<ulica>
							<cecha>ul.</cecha>
							<nazwaPierwsza>Wrocławska</nazwaPierwsza>
						</ulica>
						<wojewodztwo woj="10">LUBUSKIE</wojewodztwo>
						<dataAktualizacji>2020-03-02T08:11:04.000</dataAktualizacji>
					</danePobytuStalego>
					<daneUrodzenia>
						<dataUrodzenia>20150101</dataUrodzenia>
						<plec>MEZCZYZNA</plec>
						<dataAktualizacji>2020-03-02T08:11:04.000</dataAktualizacji>
					</daneUrodzenia>
					<dataAktualizacji>2020-03-02T08:11:04.000</dataAktualizacji>
					<idOsoby>732</idOsoby>
					<numerPesel>15210117817</numerPesel>
					<wersjaRekordu>0</wersjaRekordu>
				</daneOsob>		
				<daneOsob>
					<czyAnulowano>false</czyAnulowano>
					<daneImion>
						<imiePierwsze>Anna</imiePierwsze>
						<dataAktualizacji>2020-03-02T08:11:04.000</dataAktualizacji>
					</daneImion>
					<daneNazwiska>
						<nazwisko>Niepełnoletnia</nazwisko>
						<dataAktualizacji>2020-03-02T08:11:04.000</dataAktualizacji>
					</daneNazwiska>
					<daneObywatelstwa>
						<dataAktualizacji>2020-03-02T08:11:04.000</dataAktualizacji>
						<obywatelstwo kod="500">POLSKIE</obywatelstwo>
					</daneObywatelstwa>
					<danePobytuStalego>
						<numerDomu>11A</numerDomu>
						<gmina kt="2010011">Zielona Góra</gmina>
						<kodPocztowy>65001</kodPocztowy>
						<miejscowoscDzielnica>
							<nazwaMiejscowosci>Zielona Góra</nazwaMiejscowosci>
						</miejscowoscDzielnica>
						<ulica>
							<cecha>ul.</cecha>
							<nazwaPierwsza>Wrocławska</nazwaPierwsza>
						</ulica>
						<wojewodztwo woj="10">LUBUSKIE</wojewodztwo>
						<dataAktualizacji>2020-03-02T08:11:04.000</dataAktualizacji>
					</danePobytuStalego>
					<daneUrodzenia>
						<dataUrodzenia>20150101</dataUrodzenia>
						<plec>KOBIETA</plec>
						<dataAktualizacji>2020-03-02T08:11:04.000</dataAktualizacji>
					</daneUrodzenia>
					<dataAktualizacji>2020-03-02T08:11:04.000</dataAktualizacji>
					<idOsoby>733</idOsoby>
					<numerPesel>15210126888</numerPesel>
					<wersjaRekordu>0</wersjaRekordu>
				</daneOsob>		
				<daneOsob>
					<czyAnulowano>false</czyAnulowano>
					<daneImion>
						<imiePierwsze>Adam</imiePierwsze>
						<dataAktualizacji>2020-03-02T08:11:04.000</dataAktualizacji>
					</daneImion>
					<daneNazwiska>
						<nazwisko>Pełnoletni</nazwisko>
						<dataAktualizacji>2020-03-02T08:11:04.000</dataAktualizacji>
					</daneNazwiska>
					<daneObywatelstwa>
						<dataAktualizacji>2020-03-02T08:11:04.000</dataAktualizacji>
						<obywatelstwo kod="500">POLSKIE</obywatelstwo>
					</daneObywatelstwa>
					<danePobytuStalego>
						<numerDomu>11A</numerDomu>
						<gmina kt="2010011">Zielona Góra</gmina>
						<kodPocztowy>65001</kodPocztowy>
						<miejscowoscDzielnica>
							<nazwaMiejscowosci>Zielona Góra</nazwaMiejscowosci>
						</miejscowoscDzielnica>
						<ulica>
							<cecha>ul.</cecha>
							<nazwaPierwsza>Wrocławska</nazwaPierwsza>
						</ulica>
						<wojewodztwo woj="10">LUBUSKIE</wojewodztwo>
						<dataAktualizacji>2020-03-02T08:11:04.000</dataAktualizacji>
					</danePobytuStalego>
					<daneUrodzenia>
						<dataUrodzenia>20000101</dataUrodzenia>
						<plec>MEZCZYZNA</plec>
						<dataAktualizacji>2020-03-02T08:11:04.000</dataAktualizacji>
					</daneUrodzenia>
					<dataAktualizacji>2020-03-02T08:11:04.000</dataAktualizacji>
					<idOsoby>734</idOsoby>
					<numerPesel>00210138155</numerPesel>
					<wersjaRekordu>0</wersjaRekordu>
				</daneOsob>		
				<daneOsob>
					<czyAnulowano>false</czyAnulowano>
					<daneImion>
						<imiePierwsze>Anna</imiePierwsze>
						<dataAktualizacji>2020-03-02T08:11:04.000</dataAktualizacji>
					</daneImion>
					<daneNazwiska>
						<nazwisko>Pełnoletnia</nazwisko>
						<dataAktualizacji>2020-03-02T08:11:04.000</dataAktualizacji>
					</daneNazwiska>
					<daneObywatelstwa>
						<dataAktualizacji>2020-03-02T08:11:04.000</dataAktualizacji>
						<obywatelstwo kod="500">POLSKIE</obywatelstwo>
					</daneObywatelstwa>
					<danePobytuStalego>
						<numerDomu>11A</numerDomu>
						<gmina kt="2010011">Zielona Góra</gmina>
						<kodPocztowy>65001</kodPocztowy>
						<miejscowoscDzielnica>
							<nazwaMiejscowosci>Zielona Góra</nazwaMiejscowosci>
						</miejscowoscDzielnica>
						<ulica>
							<cecha>ul.</cecha>
							<nazwaPierwsza>Wrocławska</nazwaPierwsza>
						</ulica>
						<wojewodztwo woj="10">LUBUSKIE</wojewodztwo>
						<dataAktualizacji>2020-03-02T08:11:04.000</dataAktualizacji>
					</danePobytuStalego>
					<daneUrodzenia>
						<dataUrodzenia>20000101</dataUrodzenia>
						<plec>KOBIETA</plec>
						<dataAktualizacji>2020-03-02T08:11:04.000</dataAktualizacji>
					</daneUrodzenia>
					<dataAktualizacji>2020-03-02T08:11:04.000</dataAktualizacji>
					<idOsoby>735</idOsoby>
					<numerPesel>00210125944</numerPesel>
					<wersjaRekordu>0</wersjaRekordu>
				</daneOsob>		
			</listaDanychOsob>
		</ns2:pobierzSubskrypcjeInicjalnaDaneOsobyResponse>
	</soap:Body>
</soap:Envelope>