<soapenv:Envelope xmlns:soapenv="http://schemas.xmlsoap.org/soap/envelope/"
                  xmlns:wst="http://docs.oasis-open.org/ws-sx/ws-trust/200512/"
                  xmlns:wsu="http://docs.oasis-open.org/wss/2004/01/oasis-200401-wss-wssecurity-utility-1.0.xsd"
                  xmlns:wsp="http://schemas.xmlsoap.org/ws/2004/09/policy"
                  xmlns:edm="http://csioz.gov.pl/p1/edm/kontekst/v1">
    <soapenv:Body>
        <wst:RequestSecurityTokenResponseCollection>
            <wst:RequestSecurityTokenResponse>
                <wst:TokenType>http://docs.oasis-open.org/wss/oasis-wss-saml-tokenprofile-1.1#SAMLV2.0</wst:TokenType>
                <wst:RequestedSecurityToken>
                  	<saml:Assertion xmlns:saml="urn:oasis:names:tc:SAML:2.0:assertion"
					                ID="_181835fb981efecaf71d80ecd5fc3c74" Version="2.0"
					                IssueInstant="2019-08-26T09:22:05Z">
					    <saml:Issuer>http://csioz.gov.pl/p1/aut</saml:Issuer>
						<ds:Signature xmlns:ds="http://www.w3.org/2000/09/xmldsig#">
						   ...
						</ds:Signature>
					    <saml:Subject>
					        <saml:NameID Format="urn:oasis:names:tc:SAML:2.0:attrname-format:unspecified">2.16.840.1.113883.3.4424.2.6#2017123</saml:NameID>
					        <saml:SubjectConfirmation Method="urn:oasis:names:tc:SAML:2.0:cm:sender-vouches"/>
					    </saml:Subject>
					    <saml:Conditions NotBefore="2019-08-26T09:17:05Z" NotOnOrAfter="2019-08-26T11:17:05Z"/>
					    <saml:AuthnStatement AuthnInstant="2019-08-26T09:22:00Z">
					        <saml:AuthnContext>
					            <saml:AuthnContextClassRef>urn:oasis:names:tc:SAML:2.0:ac:classes:PasswordProtectedTransport</saml:AuthnContextClassRef>
					        </saml:AuthnContext>
					    </saml:AuthnStatement>
					    <saml:AttributeStatement xmlns:xacmlprof="urn:oasis:names:tc:SAML:2.0:profiles:attribute:XACML"
					                             xmlns:xsi="http://www.w3.org/2001/XMLSchema-instance"
					                             xmlns:xs="http://www.w3.org/2001/XMLSchema">
					        <saml:Attribute NameFormat="urn:oasis:names:tc:SAML:2.0:attrname-format:uri"
					                        Name="urn:oasis:names:tc:SAML:attribute:subject-id"
					                        xacmlprof:DataType="http://www.w3.org/2001/XMLSchema#anyURI">
					            <saml:AttributeValue xsi:type="xs:anyURI">2.16.840.1.113883.3.4424.1.6.2#3241138</saml:AttributeValue>
					        </saml:Attribute>
					        <saml:Attribute NameFormat="urn:oasis:names:tc:SAML:2.0:attrname-format:uri"
					                        Name="urn:oasis:names:tc:xspa:1.0:subject:organization-id"
					                        xacmlprof:DataType="http://www.w3.org/2001/XMLSchema#anyURI">
					            <saml:AttributeValue xsi:type="xs:anyURI">2.16.840.1.113883.3.4424.2.3.1#000000001779</saml:AttributeValue>
					        </saml:Attribute>
					        <saml:Attribute NameFormat="urn:oasis:names:tc:SAML:2.0:attrname-format:uri"
					                        Name="urn:oasis:names:tc:xspa:1.0:subject:child-organization"
					                        xacmlprof:DataType="http://www.w3.org/2001/XMLSchema#anyURI">
					            <saml:AttributeValue xsi:type="xs:anyURI">2.16.840.1.113883.3.4424.2.3.3#000000001779-039</saml:AttributeValue>
					        </saml:Attribute>
					        <saml:Attribute NameFormat="urn:oasis:names:tc:SAML:2.0:attrname-format:uri"
					                        Name="urn:oasis:names:tc:xacml:1.0:resource:resource-id"
					                        xacmlprof:DataType="http://www.w3.org/2001/XMLSchema#anyURI">
					            <saml:AttributeValue xsi:type="xs:anyURI">2.16.840.1.113883.3.4424.1.1.616#94071712351</saml:AttributeValue>
					        </saml:Attribute>
					        <saml:Attribute NameFormat="urn:oasis:names:tc:SAML:2.0:attrname-format:unspecified"
					                        Name="urn:oasis:names:tc:xspa:1.0:subject:functional-role"
					                        xacmlprof:DataType="http://www.w3.org/2001/XMLSchema#string">
					            <saml:AttributeValue xsi:type="xs:string">medical doctor</saml:AttributeValue>
					        </saml:Attribute>
					        <saml:Attribute NameFormat="urn:oasis:names:tc:SAML:2.0:attrname-format:unspecified"
					                        Name="urn:oasis:names:tc:xacml:1.0:action:action-id"
					                        xacmlprof:DataType="http://www.w3.org/2001/XMLSchema#string">
					            <saml:AttributeValue xsi:type="xs:string">READ</saml:AttributeValue>
					        </saml:Attribute>
					        <saml:Attribute NameFormat="urn:oasis:names:tc:SAML:2.0:attrname-format:unspecified"
					                        Name="urn:oasis:names:tc:xacml:2.0:action:purpose"
					                        xacmlprof:DataType="http://www.w3.org/2001/XMLSchema#string">
					            <saml:AttributeValue xsi:type="xs:string">RECORDMGT</saml:AttributeValue>
					        </saml:Attribute>
					        <saml:Attribute NameFormat="urn:oasis:names:tc:SAML:2.0:attrname-format:uri"
					                        Name="urn:ihe:iti:xca:2010:homeCommunityId"
					                        xacmlprof:DataType="http://www.w3.org/2001/XMLSchema#anyURI">
					            <saml:AttributeValue xsi:type="xs:anyURI">2.16.840.1.113883.3.4424.15</saml:AttributeValue>
					        </saml:Attribute>
					    </saml:AttributeStatement>
					</saml:Assertion>
                </wst:RequestedSecurityToken>
                <wsp:AppliesTo>
                    <edm:WymianaEDM/>
                </wsp:AppliesTo>
                <wst:Lifetime>
                    <wsu:Created>2019-08-26T09:17:05Z</wsu:Created>
                    <wsu:Expires>2019-08-26T11:17:05Z</wsu:Expires>
                </wst:Lifetime>
            </wst:RequestSecurityTokenResponse>
        </wst:RequestSecurityTokenResponseCollection>
    </soapenv:Body>
</soapenv:Envelope>