<saml2:Assertion ID="_8d58c98cc0f95dfedd7a05db787b91ef" IssueInstant="2021-03-09T10:07:59.466Z" Version="2.0" xmlns:saml2="urn:oasis:names:tc:SAML:2.0:assertion" xmlns:xsd="http://www.w3.org/2001/XMLSchema" xmlns:ns2="http://docs.oasis-open.org/ws-sx/ws-trust/200512/" xmlns:ns6="http://www.w3.org/2000/09/xmldsig#" xmlns:ns5="http://schemas.xmlsoap.org/ws/2004/09/policy" xmlns:ns8="urn:oasis:names:tc:SAML:2.0:assertion" xmlns:ns7="http://www.w3.org/2001/04/xmlenc#" xmlns:ns1="http://docs.oasis-open.org/wss/2004/01/oasis-200401-wss-wssecurity-utility-1.0.xsd" xmlns:ns4="http://www.w3.org/2005/08/addressing" xmlns:ns3="http://docs.oasis-open.org/wss/2004/01/oasis-200401-wss-wssecurity-secext-1.0.xsd" xmlns:wsu="http://docs.oasis-open.org/wss/2004/01/oasis-200401-wss-wssecurity-utility-1.0.xsd" xmlns:soap="http://schemas.xmlsoap.org/soap/envelope/"><saml2:Issuer>http://csioz.gov.pl/p1/aut</saml2:Issuer><ds:Signature xmlns:ds="http://www.w3.org/2000/09/xmldsig#"> <ds:SignedInfo> <ds:CanonicalizationMethod Algorithm="http://www.w3.org/2001/10/xml-exc-c14n#"/> <ds:SignatureMethod Algorithm="http://www.w3.org/2001/04/xmldsig-more#rsa-sha256"/> <ds:Reference URI="#_8d58c98cc0f95dfedd7a05db787b91ef"> <ds:Transforms> <ds:Transform Algorithm="http://www.w3.org/2000/09/xmldsig#enveloped-signature"/> <ds:Transform Algorithm="http://www.w3.org/2001/10/xml-exc-c14n#"><ec:InclusiveNamespaces PrefixList="xsd" xmlns:ec="http://www.w3.org/2001/10/xml-exc-c14n#"/></ds:Transform> </ds:Transforms> <ds:DigestMethod Algorithm="http://www.w3.org/2001/04/xmlenc#sha256"/> <ds:DigestValue>DrpMM5YpqYRWprbBTq+XYVwlSDk0c8pQx4TvYc1fWnY=</ds:DigestValue> </ds:Reference> </ds:SignedInfo> <ds:SignatureValue> aKABdnB4NC8GpVul5em0LhoV651iC6gkdxUFMWfDauSvP11eIAGiXChv47G9R/6cqSZQCWToSUdf
 dte/ZTo+uVIiqIwtcU4ObJn9OrCa5Kw6dgOPBXNfTlwEjNhT4G1q1qx3Q0lSnCvEe2w3M1Nkx0aK
 MwHH39318wOu2fDgPYK5l9cnw7R3g2mcVoWVLnLPXFpaSuz/mERM/I4ItYQOf4Thf8Rbt2pig0FL
 Gee/21OtS2c7D2KoiiSzxU8ZTnLdaaMJfDceU1xrkCA5pBz6/WGldaaYrs5P2uRN6X5hMNlju/Ra
 tiat/j1u7cv7YHv5DsnDPF4MKrx2Mdvwf2hzoQ== </ds:SignatureValue> <ds:KeyInfo><ds:X509Data><ds:X509SubjectName>C=PL,O=CSIOZ,OU=P1,2.5.4.5=#1325322e31362e3834302e312e3131333838332e332e343432342e322e332e313a353030303031,CN=ZaufanyPodmiotLeczniczy-uwierzytelnianie danych</ds:X509SubjectName><ds:X509IssuerSerial><ds:X509IssuerName>C=PL,O=CSIOZ,OU=P1,CN=CC P1 SubCA WSS</ds:X509IssuerName><ds:X509SerialNumber>6553061575424673976</ds:X509SerialNumber></ds:X509IssuerSerial><ds:X509Certificate>MIIFGDCCAwCgAwIBAgIIWvEmyIJzCLgwDQYJKoZIhvcNAQENBQAwRDEYMBYGA1UEAwwPQ0MgUDEg U3ViQ0EgV1NTMQswCQYDVQQLDAJQMTEOMAwGA1UECgwFQ1NJT1oxCzAJBgNVBAYTAlBMMB4XDTIw MDEwOTExNDYxMFoXDTIyMDEwODExNDYxMFowgZQxODA2BgNVBAMML1phdWZhbnlQb2RtaW90TGVj em5pY3p5LXV3aWVyenl0ZWxuaWFuaWUgZGFueWNoMS4wLAYDVQQFEyUyLjE2Ljg0MC4xLjExMzg4 My4zLjQ0MjQuMi4zLjE6NTAwMDAxMQswCQYDVQQLDAJQMTEOMAwGA1UECgwFQ1NJT1oxCzAJBgNV BAYTAlBMMIIBIjANBgkqhkiG9w0BAQEFAAOCAQ8AMIIBCgKCAQEA0uK7/qEwR4rkS6MonXJ1RC31 yrwdJhMOODaBzahmdUQma0+VQVI8IoeWWJgRjROWlKIVDEq8LOkIsOctx1wT/X3Kvf/bxTu2L3Ph sy130DLSC+2MO5myvQR5nD9ca6FaS1zQdsw3sE+k/rIXtXJtW3GEppEiZyZzrATBVHSD/Q2MaDCR jd0w0vZ534/7heejL4NegdrbOXjiVG2SlawQrZ7vDqVymxxz0swigI3hQ6fuTay5Eb20o16A0N6V 2wfTmmMgCVrSuD9rPl7sV/UXAjON4S6irFKn50ud+Y5bGBSzWYLS1wVCS3DXdn3qixkBVA7DDe2V uffFUf2vK4127QIDAQABo4G8MIG5MAwGA1UdEwEB/wQCMAAwHwYDVR0jBBgwFoAUOsJGG+/+zU4w KJwb6FgWEi56dVkwDwYDVR0lBAgwBgYEVR0lADBIBgNVHR8EQTA/MD2gO6A5hjdodHRwOi8vYWNj LXAxLmV6ZHJvd2llLmdvdi5wbC9jY3AxL2NybC9DQ1AxU3ViQ0FXU1MuY3JsMB0GA1UdDgQWBBQe 3OIXMLY1w7+yGe41fjx31jyMtzAOBgNVHQ8BAf8EBAMCB4AwDQYJKoZIhvcNAQENBQADggIBAAzy pbI7CySV9QZPq1AQqhV5cBGXkgT96uPDyp7OCkhUBix0ZR48zwDALB931G1XMFCdj2fJHSGg0V5V 7IHt7QOpNd80pvPiExkxwLVM3KBo/qYYZVkcTYOZc07jbLbVnQaluXX+3C/vR76M8lcJQ9JhyJoh TXwQ/ua9EFjQqdGVl5BbSE/SRJENR0WnhVhVgg0PN68lY5/QV0zHc/OYtMCBKT5iK8VmXRRC8F3L TrH4O9x0P+aZl2oAszohmzAermJfDKBW9NCYR1+mcfN7jZrsRartoip95qzTtEuBQM5oHu94T9d5 0+VVM5TAyFRU4DGZu5HNmm6uPvWZSIOpJwdR2duYHhh0P7m45vpVE7YPqUqVTDUNoZq+1TTaBEdL +dkUFILXUnyEanQMOstbJolt4K/sHhQTf0y1zj5it5hYfTtreyoP2cgWNUd5LH/q/1VNfXF0KCEJ f7DRudDsJ1lXXrscHangiXicfovldP67gugZd3xnTbnTgvRJU1XcBUKGUhvAAZhWyj/4XfaR/3kT QXj1x8cAy9yj4IO2rwL1/4sUW1NEK/hCCGbDVK6E3o2Y47Mp/pBh4XlKUku9ZpCEk5UdorAgUC7e avX75eXClZuEXRNhi+hQgWCac6Hns0OsbxQZz419ijAXMT5kY5SQxuCqh5Bc+8QYScVMMxay</ds:X509Certificate></ds:X509Data></ds:KeyInfo></ds:Signature><saml2:Subject><saml2:NameID Format="urn:oasis:names:tc:SAML:1.1:nameid-format:unspecified">2.16.840.1.113883.3.4424.1.6.2#1234567</saml2:NameID><saml2:SubjectConfirmation Method="urn:oasis:names:tc:SAML:2.0:cm:sender-vouches"/></saml2:Subject><saml2:Conditions NotBefore="2021-03-09T10:07:59.466Z" NotOnOrAfter="2021-03-09T12:07:59.466Z"/><saml2:AuthnStatement AuthnInstant="2021-03-09T10:07:54.000Z"><saml2:AuthnContext><saml2:AuthnContextClassRef>urn:oasis:names:tc:SAML:2.0:ac:classes:PasswordProtectedTransport</saml2:AuthnContextClassRef></saml2:AuthnContext></saml2:AuthnStatement><saml2:AttributeStatement><saml2:Attribute Name="urn:oasis:names:tc:SAML:attribute:subject-id" NameFormat="urn:oasis:names:tc:SAML:2.0:attrname-format:uri" xacmlprof:DataType="http://www.w3.org/2001/XMLSchema#anyURI" xmlns:xacmlprof="urn:oasis:names:tc:SAML:2.0:profiles:attribute:XACML"><saml2:AttributeValue xsi:type="xsd:anyURI" xmlns:xsi="http://www.w3.org/2001/XMLSchema-instance">2.16.840.1.113883.3.4424.1.6.2#1234567</saml2:AttributeValue></saml2:Attribute><saml2:Attribute Name="urn:oasis:names:tc:xspa:1.0:subject:organization-id" NameFormat="urn:oasis:names:tc:SAML:2.0:attrname-format:uri" xacmlprof:DataType="http://www.w3.org/2001/XMLSchema#anyURI" xmlns:xacmlprof="urn:oasis:names:tc:SAML:2.0:profiles:attribute:XACML"><saml2:AttributeValue xsi:type="xsd:anyURI" xmlns:xsi="http://www.w3.org/2001/XMLSchema-instance">2.16.840.1.113883.3.4424.2.3.1#000000001695</saml2:AttributeValue></saml2:Attribute><saml2:Attribute Name="urn:oasis:names:tc:xspa:1.0:subject:child-organization" NameFormat="urn:oasis:names:tc:SAML:2.0:attrname-format:uri" xacmlprof:DataType="http://www.w3.org/2001/XMLSchema#anyURI" xmlns:xacmlprof="urn:oasis:names:tc:SAML:2.0:profiles:attribute:XACML"><saml2:AttributeValue xsi:type="xsd:anyURI" xmlns:xsi="http://www.w3.org/2001/XMLSchema-instance">2.16.840.1.113883.3.4424.2.3.3#000000001695-006</saml2:AttributeValue></saml2:Attribute><saml2:Attribute Name="urn:oasis:names:tc:xspa:1.0:subject:functional-role" NameFormat="urn:oasis:names:tc:SAML:2.0:attrname-format:unspecified" xacmlprof:DataType="http://www.w3.org/2001/XMLSchema#string" xmlns:xacmlprof="urn:oasis:names:tc:SAML:2.0:profiles:attribute:XACML"><saml2:AttributeValue xsi:type="xsd:string" xmlns:xsi="http://www.w3.org/2001/XMLSchema-instance">medical doctor</saml2:AttributeValue></saml2:Attribute><saml2:Attribute Name="urn:oasis:names:tc:xacml:1.0:action:action-id" NameFormat="urn:oasis:names:tc:SAML:2.0:attrname-format:unspecified" xacmlprof:DataType="http://www.w3.org/2001/XMLSchema#string" xmlns:xacmlprof="urn:oasis:names:tc:SAML:2.0:profiles:attribute:XACML"><saml2:AttributeValue xsi:type="xsd:string" xmlns:xsi="http://www.w3.org/2001/XMLSchema-instance">READ</saml2:AttributeValue></saml2:Attribute><saml2:Attribute Name="urn:oasis:names:tc:xacml:2.0:action:purpose" NameFormat="urn:oasis:names:tc:SAML:2.0:attrname-format:unspecified" xacmlprof:DataType="http://www.w3.org/2001/XMLSchema#string" xmlns:xacmlprof="urn:oasis:names:tc:SAML:2.0:profiles:attribute:XACML"><saml2:AttributeValue xsi:type="xsd:string" xmlns:xsi="http://www.w3.org/2001/XMLSchema-instance">RECORDMGT</saml2:AttributeValue></saml2:Attribute><saml2:Attribute Name="urn:p1:organization-local-id" NameFormat="urn:oasis:names:tc:SAML:2.0:attrname-format:unspecified" xacmlprof:DataType="http://www.w3.org/2001/XMLSchema#string" xmlns:xacmlprof="urn:oasis:names:tc:SAML:2.0:profiles:attribute:XACML"><saml2:AttributeValue xsi:type="xsd:string" xmlns:xsi="http://www.w3.org/2001/XMLSchema-instance">2.16.840.1.113883.3.4424.2.7.21</saml2:AttributeValue></saml2:Attribute><saml2:Attribute Name="urn:ihe:iti:xca:2010:homeCommunityId" NameFormat="urn:oasis:names:tc:SAML:2.0:attrname-format:uri" xacmlprof:DataType="http://www.w3.org/2001/XMLSchema#anyURI" xmlns:xacmlprof="urn:oasis:names:tc:SAML:2.0:profiles:attribute:XACML"><saml2:AttributeValue xsi:type="xsd:anyURI" xmlns:xsi="http://www.w3.org/2001/XMLSchema-instance">2.16.840.1.113883.3.4424.15</saml2:AttributeValue></saml2:Attribute></saml2:AttributeStatement><saml2:AuthzDecisionStatement Decision="Permit" Resource="https://sus.ezdrowie.gov.pl/services/ObslugaEdmIti18WS"><saml2:Action Namespace="urn:oasis:names:tc:SAML:1.0:action:rwedc">Read</saml2:Action></saml2:AuthzDecisionStatement><saml2:AuthzDecisionStatement Decision="Permit" Resource="https://sus.ezdrowie.gov.pl/services/ObslugaEdmIti57WS"><saml2:Action Namespace="urn:oasis:names:tc:SAML:1.0:action:rwedc">Write</saml2:Action></saml2:AuthzDecisionStatement></saml2:Assertion>