<Encounter xmlns="http://hl7.org/fhir">
   <meta> 
      <profile value="@@profilZdarzenia@@~{https://ezdrowie.gov.pl/fhir/StructureDefinition/PLMedicalEvent}~"/>
	  <security>
			<system value="@@poziomPoufnosciSlownik@@~{urn:oid:2.16.840.1.113883.3.4424.11.1.83}~"/>
			<code value="@@poziomPoufnosciKod@@~{N}~"/>
	  </security>
   </meta>
   <identifier>
      <system value="@@identyfikatorZdarzeniaOID@@~{urn:oid:2.16.840.1.113883.3.4424.2.7.000000001688.15.1}~"/>
	  <value value="@@identyfikatorZdarzenia@@~{C0B92756AE3C4D529A6AAC}~"/>
   </identifier>
   <status value="@@statusZdarzenia@@~{finished}~"/>
   <class>
      <system value="@@typZdarzeniaSlownik@@~{urn:oid:2.16.840.1.113883.3.4424.11.1.34}~"/>
	  <code value="@@typZdarzeniaKod@@~{16}~"/>
	  <display value="@@typZdarzeniaDisplay@@~{Hemodializa}~"/>
   </class>
   <subject>
	  <extension xmlns="http://hl7.org/fhir"
     url="@@ubezpieczenieExtension@@~{https://ezdrowie.gov.pl/fhir/StructureDefinition/PLInsuranceReference}~">
		<valueReference>
			<identifier>
				<system value="@@ubezpieczenieOID@@~{urn:oid:2.16.840.1.113883.3.4424.3.1}~"/>
				<value value="@@ubezpieczenieIdentyfikator@@~{01}~"/>
			</identifier>
		</valueReference>
	   </extension>
	  <reference value="Patient/@@patientId@@~{XX}~"/>
	  <type value="Patient"/>
      <identifier>
         <system value="@@identyfikatorPacjentaOID@@~{urn:oid:2.16.840.1.113883.3.4424.1.1.616}~"/>
		 <value value="@@identyfikatorPacjenta@@~{12300509785}~"/>
      </identifier>
	  <display value="@@imie@@~{ANNA}~ @@nazwisko@@~{KASINA}~"/>
   </subject>
   <episodeOfCare>
		<identifier>
			<system value="@@korelacjaOID@@~{urn:oid:2.16.840.1.113883.3.4424.2.7.2.15.5}~"/>
			<value value="@@korelacjaIdentyfikator@@~{C0B92756AE3C4D529A6AAC}~"/>
		</identifier>
	</episodeOfCare>
	<basedOn>
		<identifier>
			<system value="@@skierowanieOID@@~{urn:oid:2.16.840.1.113883.3.4424.2.7.17.4.1}~"/>
			<value value="@@skierowanieIdentyfikator@@~{C0B92756AE3C4D529A6AAC}~"/>
		</identifier>
	</basedOn>
	<participant>
		<extension url="@@functionExtension@@~{https://ezdrowie.gov.pl/fhir/StructureDefinition/PLFunction}~">
            <valueCoding>
                <system value="@@proffesionRoleSlownik@@~{urn:oid:2.16.840.1.113883.3.4424.11.1.80}~"/>
                <code value="@@proffesionRoleKod@@~{11}~"/>
            </valueCoding>
        </extension>
		<individual>
			<identifier>
				<system value="@@pracownikOID@@~{urn:oid:2.16.840.1.113883.3.4424.1.6.2}~"/>
				<value value="@@pracownikIdentyfikator@@~{2698040}~"/>
			</identifier>
			<display value="@@ImieNazwiskoPM@@~{Monika Lecznicza}~"/>
		</individual>
	</participant>
	<period>
		<start value="@@zdarzenieDataPoczatek@@~{2019-08-26T10:00:00+02:00}~"/>
		<end value="@@zdarzenieDataKoniec@@~{2019-08-26T16:00:00+02:00}~"/>
	</period>
	<location>
		<location>
			<identifier>
				<system value="@@locationOID@@~{urn:oid:2.16.840.1.113883.3.4424.2.3.3}~"/>
				<value value="@@locationIdentyfikator@@~{000000012106-001}~"/>
			</identifier>
		</location>
		<period>
			<start value="@@dataPoczatekLocation@@~{2019-08-26T10:00:00+02:00}~"/>
		</period>
	</location>
	<serviceProvider>
		<extension xmlns="http://hl7.org/fhir"
		url="@@platnikExtension@@~{https://ezdrowie.gov.pl/fhir/StructureDefinition/PLPayorReference}~">
			<valueReference>
				<identifier>
					<system value="@@platnikOID@@~{urn:oid:2.16.840.1.113883.3.4424.3.1}~"/>
					<value value="@@platnikIdentyfikator@@~{01}~"/>
				</identifier>
			</valueReference>
		</extension>
		<identifier>
			<system value="@@podmiotOID@@~{urn:oid:2.16.840.1.113883.3.4424.2.3.1}~"/>
			<value value="@@podmiotIdentyfikator@@~{000000012106}~"/>
		</identifier>
	</serviceProvider>
</Encounter>