<Patient xmlns="http://hl7.org/fhir">
   <meta>
      <profile value="@@profilPacjenta@@~{https://ezdrowie.gov.pl/fhir/StructureDefinition/PLPatient}~"/>
	  <security>
			<system value="@@poziomPoufnosciSlownik@@~{urn:oid:2.16.840.1.113883.3.4424.11.1.83}~"/>
			<code value="@@poziomPoufnosciKod@@~{N}~"/>
	  </security>
   </meta>
   <identifier>
      <system value="@@identyfikatorPacjentaOID@@~{urn:oid:2.16.840.1.113883.4.330.56}~"/>
      <value value="@@identyfikatorPacjenta@@~{AA123456}~"/>
   </identifier>
   <name>
      <family value="@@nazwisko@@~{Anton}~"/>
      <given value="@@imie@@~{Charrette}~"/>
   </name>
   <telecom>
      <system value="@@daneKontaktoweKod@@~{phone}~"/>
      <value value="@@daneKontaktowe@@~{+32475556791}~"/>
   </telecom>
   <gender value="@@plec@@~{male}~"/>
   <birthDate value="@@dataUrodzenia@@~{1960-06-30}~"/>
   <address>
      <line value="@@adresUlica@@~{Netelaan 179}~"/>
      <city value="@@adresMiejscowosc@@~{Brugge}~"/>
      <district value="@@adresPoziom2@@~{West-Vlaanderen}~"/>
      <state value="@@adresPoziom1@@~{Vlaams Gewest}~"/>
      <postalCode value="@@adresKodPocztowy@@~{3452H}~"/>
      <country value="@@adresKraj@@~{BE}~"/>
   </address>
   <contact>
	  <telecom>
        <system value="@@daneKontaktoweOpiekunaKod@@~{phone}~"/>
        <value value="@@daneKontaktoweOpiekuna@@~{+32475089912}~"/>
      </telecom>
   </contact>
</Patient>