<soap:Envelope xmlns:soap="http://schemas.xmlsoap.org/soap/envelope/">
   <soap:Header/>
   <soap:Body>
      <ns7:XACMLAuthzDecisionStatementResponse xmlns:ns7="urn:oasis:names:tc:xacml:3.0:profile:saml2.0:v2:schema:assertion:wd-13" 
	  xmlns:ns8="http://www.w3.org/2001/04/xmlenc#" xmlns:ns6="urn:oasis:names:tc:xacml:3.0:profile:saml2.0:v2:schema:protocol:wd-13" 
	  xmlns:ns5="urn:oasis:names:tc:xacml:3.0:core:schema:wd-17" xmlns:ns4="urn:oasis:names:tc:SAML:2.0:protocol" xmlns:ns3="http://www.w3.org/2000/09/xmldsig#" xmlns:ns2="urn:oasis:names:tc:SAML:2.0:assertion">
         <ns5:Response>
            <ns5:Result>
               <ns5:Decision>Deny</ns5:Decision>
            </ns5:Result>
         </ns5:Response>
      </ns7:XACMLAuthzDecisionStatementResponse>
   </soap:Body>
</soap:Envelope>