<Condition xmlns="http://hl7.org/fhir">
   <meta>
      <profile value="@@profilRozpoznania@@~{https://ezdrowie.gov.pl/fhir/StructureDefinition/PLMedicalEventDiagnosis}~"/>
      <security>
         <system value="@@poziomPoufnosciSlownik@@~{urn:oid:2.16.840.1.113883.3.4424.11.1.83}~"/>
         <code value="@@poziomPoufnosciKod@@~{N}~"/>
      </security>
   </meta>
   <category>
      <coding>
         <system value="@@kategoriaRozpoznaniaSlownik@@~{urn:oid:2.16.840.1.113883.3.4424.11.1.78}~"/>
         <code value="@@kategoriaRozpoznaniaKod@@~{main}~"/>
         <display value="@@kategoriaRozpoznaniaDisplay@@~{Główne}~"/>
      </coding>
   </category>
   <code>
      <coding>
         <system value="@@typRozpoznaniaSlownik@@~{urn:oid:2.16.840.1.113883.6.3}~"/>
         <code value="@@typRozpoznaniaKod@@~{S83.1}~"/>
         <display value="@@typRozpoznaniaDisplay@@~{Zwichnięcie stawu kolanowego}~"/>
      </coding>
   </code>
   <bodySite>
      <coding>
         <system value="@@stronaCialaSlownik@@~{urn:oid:2.16.840.1.113883.3.4424.11.1.79}~"/>
         <code value="@@stronaCialaKod@@~{left}~"/>
         <display value="@@stronaCialaDisplay@@~{Lewa strona ciała}~"/>
      </coding>
   </bodySite>
   <subject>
	  <reference value="Patient/@@patientId@@~{XX}~"/>
	  <type value="Patient"/>
      <identifier>
         <system value="@@identyfikatorPacjentaOID@@~{urn:oid:2.16.840.1.113883.3.4424.1.1.616}~"/>
         <value value="@@identyfikatorPacjenta@@~{12300509785}~"/>
      </identifier>
   </subject>
   <encounter>
      <reference value="Encounter/@@encounterId@@~{XX}~"/>
      <type value="@@encounterTyp@@~{Encounter}~"/>
   </encounter>
   <recordedDate value="@@rozpoznanieData@@~{2019-08-26}~"/>
   <asserter>
    	<extension url="@@functionExtension@@~{https://ezdrowie.gov.pl/fhir/StructureDefinition/PLFunction}~">
            <valueCoding>
                <system value="@@proffesionSlownik@@~{urn:oid:2.16.840.1.113883.3.4424.11.1.80}~"/>
                <code value="@@proffesionKod@@~{11}~"/>
            </valueCoding>
        </extension>
        <identifier>
			<system value="@@pracownikOID@@~{urn:oid:2.16.840.1.113883.3.4424.1.6.2}~"/>
			<value value="@@pracownikIdentyfikator@@~{12345678}~"/>
		</identifier>
		<display value="@@pracownikImieNazwisko@@~{Adam Nowak}~"/>
    </asserter>
</Condition>