<Coverage xmlns="http://hl7.org/fhir">
	<meta>
		<profile value="https://ezdrowie.gov.pl/fhir/StructureDefinition/PLEntitlementEKUZ"/>
		<security>
			<system value="@@poziomPoufnosciSlownik@@~{urn:oid:2.16.840.1.113883.3.4424.11.1.83}~"/>
			<code value="@@poziomPoufnosciKod@@~{N}~"/>
		</security>		 
	</meta>
	<extension url="https://ezdrowie.gov.pl/fhir/StructureDefinition/PLEntitlementEncounterReference">
		<valueReference>
			<reference value="Encounter/@@encounterId@@~{XX}~"/>
			<type value="Encounter"/>			
		</valueReference>
	</extension>	
	<status value="active"/>
	<type>
		<coding>
			<system value="urn:oid:2.16.840.1.113883.3.4424.11.1.93"/>
			<code value="UE"/>
			<display value="osoba uprawniona do świadczeń opieki zdrowotnej na podstawie przepisów o koordynacji"/>
		</coding>
	</type>
	<beneficiary>
		<reference value="Patient/@@patientId@@~{XX}~"/>
		<type value="Patient"/>
		<identifier>
			<system value="@@identyfikatorPacjentaOID@@~{urn:oid:2.16.840.1.113883.4.330.56}~"/>
			<value value="@@identyfikatorPacjenta@@~{AA123456}~"/>
		</identifier>
	</beneficiary>
	<period>
		<start value="2019-08-26T10:00:00+02:00"/>
		<end value="2025-08-26T16:00:00+02:00"/>
	</period>	
	<payor>
		<identifier>
			<system value="@@platnikOID@@~{urn:oid:2.16.840.1.113883.3.4424.1.1.616}~"/>
			<value value="@@platnikIdentyfikator@@~{12300509785}~"/>
		</identifier>
	</payor>
	<class>
		<extension url="https://ezdrowie.gov.pl/fhir/StructureDefinition/PLEntitlementDocumentDate">
			<valueDateTime value="@@coverageData@@~{2019-08-26T10:00:00+02:00}~"/>
		</extension>
		<extension url="https://ezdrowie.gov.pl/fhir/StructureDefinition/PLEntitlementDocumentIdentifier">
			<valueString value="12345678"/>
		</extension>	
		<extension url="https://ezdrowie.gov.pl/fhir/StructureDefinition/PLEntitlementDocumentValidityPeriod">
			<valuePeriod>
				<start value="@@dokumentDataStart@@~{2019-08-26T10:00:00+02:00}~"/>
				<end value="@@dokumentDataKoniec@@~{2019-08-26T10:00:00+02:00}~"/>			
			</valuePeriod>
		</extension>
		<extension url="https://ezdrowie.gov.pl/fhir/StructureDefinition/PLEntitlementDocumentIssuingDepartment">
			<extension url="name">
				<valueString value="ABC"/>
			</extension>
			<extension url="identifier">
				<valueIdentifier>
					<value value="12345678"/>
				</valueIdentifier>
			</extension>
			<extension url="countryCode">
				<valueCoding>
					<system value="urn:oid:2.16.840.1.113883.3.4424.11.1.64"/>
					<code value="BE"/>
					<display value="Belgia"/>					
				</valueCoding>
			</extension>
		</extension>
		<extension url="https://ezdrowie.gov.pl/fhir/StructureDefinition/PLEntitlementDocumentTypePermit">
			<valueString value="rodzaj dokumentu"/>
		</extension>		
		<extension url="https://ezdrowie.gov.pl/fhir/StructureDefinition/PLEntitlementDocumentCoverageCode">
			<valueCoding>
				<code value="99.19"/>
			</valueCoding>
		</extension>
		<extension url="https://ezdrowie.gov.pl/fhir/StructureDefinition/PLEntitlementDocumentPerson">
			<extension url="firstName">
				<valueString value="@@imie@@~{Jan}~"/>
			</extension>
			<extension url="lastName">
				<valueString value="@@nazwisko@@~{Kowalski}~"/>
			</extension>
			<extension url="birthDate">
				<valueDate value="@@urodziny@@~{2002-08-23}~"/>
			</extension>
			<extension url="Identifier">
				<valueString value="@@identyfikatorPerson@@~{11223344}~"/>
			</extension>			
		</extension>		
		<type>
			<coding>
				<system value="urn:oid:2.16.840.1.113883.3.4424.11.1.92" />
				<code value="E"/>
			</coding>
		</type>
		<value value="01"/>		
	</class>
</Coverage>