<Coverage xmlns="http://hl7.org/fhir">
	<meta>
		<profile value="https://ezdrowie.gov.pl/fhir/StructureDefinition/PLEntitlementOTHER"/>
		<security>
			<system value="@@poziomPoufnosciSlownik@@~{urn:oid:2.16.840.1.113883.3.4424.11.1.83}~"/>
			<code value="@@poziomPoufnosciKod@@~{N}~"/>
		</security>
	</meta>
	<extension url="https://ezdrowie.gov.pl/fhir/StructureDefinition/PLEntitlementEncounterReference">
		<valueReference>
			<reference value="Encounter/@@encounterId@@~{XX}~"/>
			<type value="Encounter"/>			
		</valueReference>
	</extension>	
	<status value="@@coverage_status@@~{active}~"/>
	<type>
		<coding>
			<system value="urn:oid:2.16.840.1.113883.3.4424.11.1.93"/>
			<code value="U"/>
			<display value="Ubezpieczony"/>
		</coding>
	</type>
	<beneficiary>
		<reference value="Patient/@@patientId@@~{XX}~"/>
		<type value="Patient"/>
		<identifier>
			<system value="@@identyfikatorPacjentaOID@@~{urn:oid:2.16.840.1.113883.4.330.56}~"/>
			<value value="@@identyfikatorPacjenta@@~{AA123456}~"/>
		</identifier>
	</beneficiary>
	<period>
		<start value="@@okresStart@@~{2019-08-26T10:00:00+02:00}~"/>
		<end value="2025-08-26T16:00:00+02:00"/>
	</period>		
	<payor>
		<identifier>
			<system value="@@platnikOID@@~{urn:oid:2.16.840.1.113883.3.4424.1.1.616}~"/>
			<value value="@@platnikIdentyfikator@@~{12300509785}~"/>
		</identifier>
	</payor>
	<class>
		<extension url="https://ezdrowie.gov.pl/fhir/StructureDefinition/PLEntitlementDocumentDate">
			<valueDateTime value="@@coverageData@@~{2019-08-26T10:00:00+02:00}~"/>
		</extension>
		<extension url="https://ezdrowie.gov.pl/fhir/StructureDefinition/PLEntitlementDocumentIdentifier">
			<valueString value="12345678"/>
		</extension>
		<extension url="https://ezdrowie.gov.pl/fhir/StructureDefinition/PLEntitlementDocumentValidityPeriod">
			<valuePeriod>
				<start value="2019-08-26T10:00:00+02:00"/>
				<end value="@@dataKoncaUprawnien@@~{2021-12-04T10:00:00+02:00}~"/>
			</valuePeriod>
		</extension>		
		<extension url="https://ezdrowie.gov.pl/fhir/StructureDefinition/PLEntitlementDocumentIssuingDepartment">
			<extension url="name">
				<valueString value="12345678"/>
			</extension>
			<extension url="identifier">
				<valueIdentifier>
					<system value="urn:oid:2.16.840.1.113883.3.4424.2.1"/>
					<value value="12345678"/>
				</valueIdentifier>
			</extension>
		</extension>
		<extension url="https://ezdrowie.gov.pl/fhir/StructureDefinition/PLEntitlementDocumentTypePermit">
			<valueString value="opis"/>
		</extension>		
		<extension url="https://ezdrowie.gov.pl/fhir/StructureDefinition/PLEntitlementDocumentIdetifierFarmer">
			<valueIdentifier>
				<system value="@@farmerOID@@~{urn:oid:2.16.840.1.113883.3.4424.1.1.616}~"/>
				<value value="@@farmerValue@@~{123456789012}~"/>
			</valueIdentifier>
		</extension>
		<extension url="https://ezdrowie.gov.pl/fhir/StructureDefinition/PLEntitlementDocumentCommuneTerritorialDivisionCode">
			<valueCode value="3201011"/>
		</extension>	
		<extension url="https://ezdrowie.gov.pl/fhir/StructureDefinition/PLEntitlementDocumentPublishDepartment">
			<valueString value="department"/>
		</extension>
		<extension url="https://ezdrowie.gov.pl/fhir/StructureDefinition/PLEntitlementDocumentDecisionDate">
			<valueDateTime value="2019-08-26T10:00:00+02:00"/>
		</extension>
		<extension url="https://ezdrowie.gov.pl/fhir/StructureDefinition/PLEntitlementDocumentIdentifierNPWZ">
			<valueIdentifier>
				<system value="urn:oid:2.16.840.1.113883.3.4424.1.6.2"/>
				<value value="@@pracownikIdentyfikator@@~{84149456}~"/>
			</valueIdentifier>
		</extension>		
		<type>
			<coding>
				<system value="urn:oid:2.16.840.1.113883.3.4424.11.1.92"/>
				<code value="K"/>
			</coding>
		</type>
		<value value="@@classValue@@~{01}~"/>
	</class>
</Coverage>