<Encounter xmlns="http://hl7.org/fhir">
   <meta> 
      <profile value="@@profilZdarzenia@@~{https://ezdrowie.gov.pl/fhir/StructureDefinition/PLMedicalEvent}~"/>
	  <security>
			<system value="@@poziomPoufnosciSlownik@@~{urn:oid:2.16.840.1.113883.3.4424.11.1.83}~"/>
			<code value="@@poziomPoufnosciKod@@~{N}~"/>
	  </security>	  
   </meta>
   <identifier>
      <system value="@@identyfikatorZdarzeniaOID@@~{urn:oid:2.16.840.1.113883.3.4424.2.7.000000012106.15.1}~"/>
	  <value value="@@identyfikatorZdarzenia@@~{11111111-1111-1111-1111-111111111111}~"/>
   </identifier>
   <status value="@@statusZdarzenia@@~{in-progress}~"/>
   <statusHistory>
		<status value = "onleave"/>
		<period>
			<start value = "@@przepustkaDataPoczatek@@~{2019-08-26T10:00:00+02:00}~"/>
			<end value = "@@przepustkaDataKoniec@@~{2019-08-26T10:00:00+02:00}~"/>
		</period>
   </statusHistory>
   <class>
      <system value="@@typZdarzeniaSlownik@@~{urn:oid:2.16.840.1.113883.3.4424.11.1.34}~"/>
	  <code value="@@typZdarzeniaKod@@~{1}~"/>
	  <display value="@@typZdarzeniaDisplay@@~{Pobyt w oddziale szpitalnym}~"/>
   </class>
   <subject>
	  <extension xmlns="http://hl7.org/fhir"
     url="@@ubezpieczenieExtension@@~{https://ezdrowie.gov.pl/fhir/StructureDefinition/PLInsuranceReference}~">
		<valueReference>
			<identifier>
				<system value="@@ubezpieczenieOID@@~{urn:oid:2.16.840.1.113883.3.4424.3.1}~"/>
				<value value="@@ubezpiecznieIdentyfikator@@~{01}~"/>
			</identifier>
		</valueReference>
	   </extension>
	  <reference value="Patient/@@patientId@@~{XX}~"/>
	  <type value="Patient"/>
      <identifier>
         <system value="@@identyfikatorPacjentaOID@@~{urn:oid:2.16.840.1.113883.3.4424.1.1.616}~"/>
		 <value value="@@identyfikatorPacjenta@@~{12300509785}~"/>
      </identifier>
	  <display value="@@imieNazwiskoPacjenta@@~{ANNA KASINA}~"/>
   </subject>
   <episodeOfCare>
		<identifier>
			<system value="@@korelacjaOID@@~{urn:oid:2.16.840.1.113883.3.4424.2.7.2.15.5}~"/>
			<value value="@@korelacjaIdentyfikator@@~{11111111-1111-1111-1111-111111111111}~"/>
		</identifier>
	</episodeOfCare>
	<participant>
		<extension url="@@functionExtension@@~{https://ezdrowie.gov.pl/fhir/StructureDefinition/PLFunction}~">
            <valueCoding>
                <system value="@@proffesionRoleSlownik@@~{urn:oid:2.16.840.1.113883.3.4424.11.1.80}~"/>
                <code value="@@proffesionRoleKod@@~{11}~"/>
            </valueCoding>
        </extension>
		<individual>
			<identifier>
				<system value="@@pracownikOID@@~{urn:oid:2.16.840.1.113883.3.4424.1.6.2}~"/>
			<value value="@@pracownikIdentyfikator@@~{2698040}~"/>
		</identifier>
		<display value="@@pracownikImieNazwisko@@~{Monika Lecznicza}~"/>
		</individual>
	</participant>
	<period>
		<start value="@@zdarzenieDataPoczatek@@~{2019-08-26T10:00:00+02:00}~"/>
	</period>
	<hospitalization>
		<admitSource>
			<coding>
				<system value="@@hospitalizacjaPrzyjecieSlownik@@~{urn:oid:2.16.840.1.113883.3.4424.11.3.24}~"/>
				<code value="@@hospitalizacjaPrzyjecieKod@@~{3}~"/>
			</coding>
		</admitSource>
	</hospitalization>
	<location>
		<location>
			<identifier>
				<system value="@@locationOID@@~{urn:oid:2.16.840.1.113883.3.4424.2.3.3}~"/>
				<value value="@@locationIdentyfikator@@~{000000012106-001}~"/>
			</identifier>
		</location>
		<period>
			<start value="@@locationStart@@~{2019-08-26T10:01:00+02:00}~"/>
			<end value="@@locationEnd@@~{2019-08-26T10:01:00+02:00}~"/>
		</period>
	</location>
	<location>
		<location>
			<identifier>
				<system value="@@locationOID1@@~{urn:oid:2.16.840.1.113883.3.4424.2.3.3}~"/>
				<value value="@@locationIdentyfikator1@@~{000000012106-001}~"/>
			</identifier>
		</location>
		<period>
			<start value="@@locationStart1@@~{2019-08-26T10:02:00+02:00}~"/>
		</period>
	</location>
	<serviceProvider>
		<extension xmlns="http://hl7.org/fhir"
		url="@@platnikExtension@@~{https://ezdrowie.gov.pl/fhir/StructureDefinition/PLPayorReference}~">
			<valueReference>
				<identifier>
					<system value="@@platnikOID@@~{urn:oid:2.16.840.1.113883.3.4424.3.1}~"/>
					<value value="@@platnikIdentyfikator@@~{01}~"/>
				</identifier>
			</valueReference>
		</extension>
		<identifier>
			<system value="@@podmiotOID@@~{urn:oid:2.16.840.1.113883.3.4424.2.3.1}~"/>
			<value value="@@podmiotIdentyfikator@@~{000000012106}~"/>
		</identifier>
	</serviceProvider>
</Encounter>