<Encounter xmlns="http://hl7.org/fhir">
	<meta>
		<profile value="@@profilZdarzenia@@~{https://ezdrowie.gov.pl/fhir/StructureDefinition/PLMedicalEvent}~"/>
		<security>
			<system value="@@poziomPoufnosciSlownik@@~{urn:oid:2.16.840.1.113883.3.4424.11.1.83}~"/>
			<code value="@@poziomPoufnosciKod@@~{N}~"/>
		</security>
	</meta>
	<identifier>
		<system value="@@identyfikatorZdarzeniaOID@@~{urn:oid:2.16.840.1.113883.3.4424.2.7.000000012106.15.1}~"/>
		<value value="@@identyfikatorZdarzenia@@~{11111111-1111-1111-1111-111111111111}~"/>
	</identifier>
	<status value="@@statusZdarzenia@@~{finished}~"/>
	<class>
		<system value="@@typZdarzeniaSlownik@@~{urn:oid:2.16.840.1.113883.3.4424.11.1.34}~"/>
		<code value="@@typZdarzeniaKod@@~{16}~"/>
		<display value="@@typZdarzeniaDisplay@@~{Hemodializa}~"/>
	</class>
	<subject>
		<extension xmlns="http://hl7.org/fhir"
         			url="@@ubezpieczenieExtension@@~{https://ezdrowie.gov.pl/fhir/StructureDefinition/PLInsuranceReference}~">
			<valueReference>
				<identifier>
					<system value="@@ubezpieczenieOID@@~{urn:oid:2.16.840.1.113883.3.4424.3.1}~"/>
					<value value="@@ubezpiecznieIdentyfikator@@~{01}~"/>
				</identifier>
			</valueReference>
		</extension>
		<reference value="Patient/@@patientId@@~{XX}~"/>
		<type value="Patient"/>
		<identifier>
			<system value="@@identyfikatorPacjentaOID@@~{urn:oid:2.16.840.1.113883.3.4424.1.1.616}~"/>
			<value value="@@identyfikatorPacjenta@@~{12300509785}~"/>
		</identifier>
		<display value="@@imieNazwiskoPacjenta@@~{ANNA KASINA}~"/>
	</subject>
	<episodeOfCare>
		<identifier>
			<system value="@@korelacjaOID@@~{urn:oid:2.16.840.1.113883.3.4424.2.7.2.15.5}~"/>
			<value value="@@korelacjaIdentyfikator@@~{11111111-1111-1111-1111-111111111111}~"/>
		</identifier>
	</episodeOfCare>
	<basedOn>
		<identifier>
			<system value="@@skierowanieOID@@~{urn:oid:2.16.840.1.113883.3.4424.2.7.17.4.1}~"/>
			<value value="@@skierowanieIdentyfikator@@~{11111111-1111-1111-1111-111111111111}~"/>
			<period>
				<start value="@@skierowanieData@@~{2019-08-26T10:00:00+02:00}~"/>
			</period>
		</identifier>
	</basedOn>
	<participant>
		<extension url="@@functionExtension@@~{https://ezdrowie.gov.pl/fhir/StructureDefinition/PLFunction}~">
			<valueCoding>
				<system value="@@staffRoleSlownik@@~{urn:oid:2.16.840.1.113883.3.4424.11.1.80}~"/>
				<code value="@@profesjaMedycznaKod@@~{11}~"/>
			</valueCoding>
		</extension>
		<type>
			<coding>
				<system value="@@rolaPracownikOID@@~{urn:oid:2.16.840.1.113883.3.4424.11.1.84}~"/>
				<code value="@@rolaPracownikKod@@~{KGW}~"/>
				<display value="@@rolaPracownikNazwa@@~{Kierownik grupy wyjazdowej}~"/>
			</coding>
		</type>
		<individual>
			<identifier>
				<system value="@@pracownikOID@@~{urn:oid:2.16.840.1.113883.3.4424.1.6.2}~"/>
				<value value="@@pracownikIdentyfikator@@~{2698040}~"/>
			</identifier>
			<display value="@@pracownikImieNazwisko@@~{Monika Lecznicza}~"/>
		</individual>
	</participant>
	<participant>
		<extension url="@@functionExtension@@~{https://ezdrowie.gov.pl/fhir/StructureDefinition/PLFunction}~">
			<valueCoding>
				<system value="@@staffRoleSlownik@@~{urn:oid:2.16.840.1.113883.3.4424.11.1.80}~"/>
				<code value="@@profesjaMedycznaKod1@@~{22}~"/>
			</valueCoding>
		</extension>
		<individual>
			<identifier>
				<system value="@@pracownikOID1@@~{urn:oid:2.16.840.1.113883.3.4424.1.1.616}~"/>
				<value value="@@pracownikIdentyfikator1@@~{00210125944}~"/>
			</identifier>
			<display value="@@ImieNazwiskoPM1@@~{Anna Pełnoletnia}~"/>
		</individual>
	</participant>
	<participant>
		<extension url="@@functionExtension@@~{https://ezdrowie.gov.pl/fhir/StructureDefinition/PLFunction}~">
			<valueCoding>
				<system value="@@staffRoleSlownik@@~{urn:oid:2.16.840.1.113883.3.4424.11.1.80}~"/>
				<code value="@@profesjaMedycznaKod2@@~{22}~"/>
			</valueCoding>
		</extension>
		<individual>
			<identifier>
				<system value="@@pracownikOID2@@~{urn:oid:2.16.840.1.113883.4.330.56}~"/>
				<value value="@@pracownikIdentyfikator2@@~{BJ23454}~"/>
			</identifier>
			<display value="@@ImieNazwiskoPM2@@~{Ivan Milan}~"/>
		</individual>
	</participant>
	<period>
		<start value="@@zdarzenieDataPoczatek@@~{2019-08-26T10:00:00+02:00}~"/>
		<end value="@@zdarzenieDataKoniec@@~{2019-08-26T16:00:00+02:00}~"/>
	</period>
	<location>
		<location>
			<identifier>
				<system value="@@locationOID@@~{urn:oid:2.16.840.1.113883.3.4424.2.3.3}~"/>
				<value value="@@locationIdentyfikator@@~{000000012106-001}~"/>
			</identifier>
		</location>
		<period>
			<start value="@@zdarzenieDataPoczatek@@~{2019-08-26T10:00:00+02:00}~"/>
			<end value="@@zdarzenieDataKoniec@@~{2019-08-26T16:00:00+02:00}~"/>
		</period>
	</location>
	<serviceProvider>
		<extension xmlns="http://hl7.org/fhir"
         			url="@@platnikExtension@@~{https://ezdrowie.gov.pl/fhir/StructureDefinition/PLPayorReference}~">
			<valueReference>
				<identifier>
					<system value="@@platnikOID@@~{urn:oid:2.16.840.1.113883.3.4424.3.1}~"/>
					<value value="@@platnikIdentyfikator@@~{01}~"/>
				</identifier>
			</valueReference>
		</extension>
		<identifier>
			<system value="@@podmiotOID@@~{urn:oid:2.16.840.1.113883.3.4424.2.3.1}~"/>
			<value value="@@podmiotIdentyfikator@@~{000000012106}~"/>
		</identifier>
	</serviceProvider>
</Encounter>