<Immunization xmlns="http://hl7.org/fhir">
	<meta>
		<versionId value="1"/>
		<lastUpdated value="2020-02-27T11:13:50.697+00:00"/>
		<source value="#FqZxUen1ZPGJtbMg"/>
		<profile value="@@profil@@~{https://ezdrowie.gov.pl/fhir/StructureDefinition/PLImmunizationHistorical}~"/>
		<security>
			<system value="urn:oid:2.16.840.1.113883.3.4424.11.1.83"/>
			<code value="@@poziom_poufnosci@@~{N}~"/>
		</security>
	</meta>
	<implicitRules value="13.1.3-SNAPSHOT"/>
	<extension url="@@profilExt@@~{https://ezdrowie.gov.pl/fhir/StructureDefinition/PLAsserter}~">
		<valueReference>
			<identifier>
				<system value="urn:oid:2.16.840.1.113883.3.4424.1.6.2"/>
				<value value="@@pracownikIdentyfikatorRef@@~{2698040}~"/>
			</identifier>
			<display value="@@ImieNazwiskoRef@@~{Monika Lecznicza}~"/>
		</valueReference>
	</extension>
	<status value="completed"/>
	<vaccineCode>
		<coding>
			<system value="@@slownikSzczepien@@~{urn:oid:1.2.36.1.2001.1005.17}~"/>
			<code value="@@szczepienieKod@@~{05909991445591}~"/>
		</coding>
		<text value="@@szczepienieDisplay@@~{Preflucel}~"/>
	</vaccineCode>
	<patient>
		<reference value="Patient/@@patientId@@~{1234}~"/>
		<type value="Patient"/>
		<identifier>
			<system value="@@identyfikatorPacjentaOID@@~{urn:oid:2.16.840.1.113883.3.4424.1.1.616}~"/>
			<value value="@@identyfikatorPacjenta@@~{12300509785}~"/>
		</identifier>
		<display value="@@imieNazwiskoPacjenta@@~{ANNA KASINA}~"/>
	</patient>
	<occurrenceDateTime value="@@dataSzczepienia@@~{2020-11-27}~"/>
	<recorded value="@@dataHistorycznaSzczepienia@@~{2020-11-27}~"/>
	<reportOrigin>
		<coding>
			<system value="@@slownikZrodla@@~{urn:oid:2.16.840.1.113883.3.4424.11.1.116}~"/>
			<code value="@@zrodloKod@@~{record}~"/>
			<display value="@@opisKod@@~{Przekazane z  dokumentu}~"/>
		</coding>
	</reportOrigin>
	<lotNumber value="@@SERIA@@~{AAJN11K}~"/>
	<note>
		<text value="Notes on adminstration of vaccine"/>
	</note>
	<protocolApplied>
		<targetDisease>
			<coding>
				<system value="urn:oid:2.16.840.1.113883.3.4424.11.2.6"/>
				<code value="99.557"/>
				<display value="Szczepienie przeciw COVID-19"/>
			</coding>
		</targetDisease>
		<doseNumberPositiveInt value="1"/>
		<seriesDosesPositiveInt value="2"/>
	</protocolApplied>
</Immunization>