<Observation xmlns="http://hl7.org/fhir">
	<meta>
		<profile value="@@profilDanePOZ@@~{https://ezdrowie.gov.pl/fhir/StructureDefinition/PLBloodPressure}~"/>
		<security>
			<system value="@@poziomPoufnosciSlownik@@~{urn:oid:2.16.840.1.113883.3.4424.11.1.83}~"/>
			<code value="@@poziomPoufnosciKod@@~{N}~"/>
		</security>
	</meta>
	<status value="@@statusDanePOZ@@~{final}~"/>
	<code>
		<coding>
			<system value="urn:oid:2.16.840.1.113883.6.1"/>
			<code value="85354-9"/>
			<display value="Blood pressure panel with all children optional"/>
		</coding>
	</code>
	<subject>
		<reference value="Patient/@@patientId@@~{XX}~"/>
		<type value="Patient"/>
		<identifier>
			<system value="@@identyfikatorPacjentaOID@@~{urn:oid:2.16.840.1.113883.3.4424.1.1.616}~"/>
			<value value="@@identyfikatorPacjenta@@~{12300509785}~"/>
		</identifier>
	</subject>
	<encounter>
		<reference value="Encounter/@@encounterId@@~{XX}~"/>
		<type value="Encounter"/>
	</encounter>
	<effectiveDateTime value="@@effectiveDateTime@@~{2021-06-30T23:34:59.141+02:00}~"/>
	<performer>
		<identifier>
			<system value="@@pracownikOID@@~{urn:oid:2.16.840.1.113883.3.4424.1.6.2}~"/>
			<value value="@@pracownikIdentyfikator@@~{9438715}~"/>
		</identifier>
		<display value="@@pracownikImieNazwisko@@~{Marzena Lttd}~"/>
	</performer>
	<component>
		<code>
			<coding>
				<system value="urn:oid:2.16.840.1.113883.6.1"/>
				<code value="8480-6"/>
				<display value="Systolic blood pressure"/>
			</coding>
		</code>
		<valueQuantity>
			<value value="@@cisnieniePacjentaWartosc1@@~{107}~"/>
			<system value="@@cisnieniePacjentaSlownik1@@~{urn:oid:2.16.840.1.113883.6.8}~"/>
			<code value="@@cisnieniePacjentaKod1@@~{mm[Hg]}~"/>
		</valueQuantity>
	</component>
	<component>
		<code>
			<coding>
				<system value="urn:oid:2.16.840.1.113883.6.1"/>
				<code value="8462-4"/>
				<display value="Diastolic blood pressure"/>
			</coding>
		</code>
		<valueQuantity>
			<value value="@@cisnieniePacjentaWartosc2@@~{60}~"/>
			<system value="@@cisnieniePacjentaSlownik2@@~{urn:oid:2.16.840.1.113883.6.8}~"/>
			<code value="@@cisnieniePacjentaKod2@@~{mm[Hg]}~"/>
		</valueQuantity>
	</component>
</Observation>