<Patient xmlns="http://hl7.org/fhir">
    <meta>
        <profile value="@@profilPacjenta@@~{https://ezdrowie.gov.pl/fhir/StructureDefinition/PLPatient}~" />
        <security>
            <system value="urn:oid:2.16.840.1.113883.3.4424.11.1.83"/>
            <code value="@@poziom_poufnosci@@~{N}~"/>
        </security>
    </meta>
    <identifier>
        <system value="@@identyfikatorMatkaPosiadajacaPaszportOID@@~{urn:oid:2.16.840.1.113883.3.4424.1.7.4.56}~" />
        <value value="@@identyfikatorMatkiPaszport@@~{SF430766-20200327-01}~" />
    </identifier>
    <name>
        <family value="@@nazwisko@@~{Nowak}~"/>
        <given value="@@imie@@~{Joanna}~"/>
    </name>
    <telecom>
        <system value="@@daneKontaktowe1Kod@@~{phone}~"/>
        <value value="@@daneKontaktowe1@@~{+48666666666}~"/>
    </telecom>
    <gender value="@@plec@@~{male}~"/>
    <birthDate value="@@dataUrodzenia@@~{2020-01-30}~"/>
    <multipleBirthInteger value="2" />
</Patient>