<Procedure xmlns="http://hl7.org/fhir">
   <meta>
      <profile value="@@profilProcedury@@~{https://ezdrowie.gov.pl/fhir/StructureDefinition/PLMedicalEventProcedure}~"/>
       <security>
           <system value="@@poziomPoufnosciSlownik@@~{urn:oid:2.16.840.1.113883.3.4424.11.1.83}~"/>
           <code value="@@poziomPoufnosciKod@@~{N}~"/>
       </security>
   </meta>
   <status value="@@statusProcedury@@~{completed}~"/>
   <code>
      <coding>
         <system value="@@typProcedurySlownik@@~{urn:oid:2.16.840.1.113883.3.4424.11.2.6}~" />
         <code value="@@typProceduryKod@@~{99.19}~"/>
         <display value="@@typProceduryDisplay@@~{Wstrzyknięcie antykoagulanta.}~"/>
      </coding>
   </code>
   <subject>
	  <reference value="Patient/@@patientId@@~{XX}~"/>
	  <type value="Patient"/>
	  <identifier>
         <system value="@@identyfikatorPacjentaOID@@~{urn:oid:2.16.840.1.113883.3.4424.1.1.616}~"/>
         <value value="@@identyfikatorPacjenta@@~{12300509785}~"/>
      </identifier>
   </subject>
   <encounter>
      <reference value="Encounter/@@encounterId@@~{XX}~"/>
      <type value="@@encounterTyp@@~{Encounter}~"/>
   </encounter>
   <performedPeriod>
      <start value="@@proceduraDataPoczatek@@~{2019-08-26T10:00:00+02:00}~"/>
      <end value="@@proceduraDataKoniec@@~{2019-08-26T10:30:00+02:00}~"/>
   </performedPeriod>
   <asserter>
    	<extension url="@@functionExtension@@~{https://ezdrowie.gov.pl/fhir/StructureDefinition/PLFunction}~">
            <valueCoding>
                <system value="@@proffesionSlownik@@~{urn:oid:2.16.840.1.113883.3.4424.11.1.80}~"/>
                <code value="@@proffesionKod@@~{11}~"/>
            </valueCoding>
        </extension>
        <identifier>
			<system value="@@pracownikOID@@~{urn:oid:2.16.840.1.113883.3.4424.1.6.2}~"/>
			<value value="@@pracownikIdentyfikator@@~{2698040}~"/>
		</identifier>
		<display value="@@pracownikImieNazwisko@@~{Monika Lecznicza}~"/>
    </asserter>
</Procedure>